ID,Name,Age,Gender,City,Income
1,Andrea,41,Male,Pune,60417
2,Jennifer,49,Female,Chennai,41513
3,Raven,56,Male,Pune,92325
4,Ryan,20,Female,Bangalore,59805
5,Troy,39,Female,Pune,74291
6,Kimberly,19,Male,Hyderabad,26922
7,Richard,47,Female,Hyderabad,23699
8,Jennifer,48,Female,Hyderabad,58919
9,Michelle,32,Female,Bangalore,76247
10,Luis,24,Male,Bangalore,67755
11,Steven,40,Female,Bangalore,53431
12,Misty,59,Male,Hyderabad,89164
13,Johnathan,18,Female,Hyderabad,45047
14,Christopher,59,Male,Bangalore,56830
15,Veronica,26,Female,Chennai,26993
16,Eric,29,Male,Mumbai,32560
17,James,45,Male,Chennai,39924
18,Michael,20,Male,Delhi,77648
19,Emily,22,Male,Pune,95725
20,David,33,Male,Delhi,86414
21,Amber,59,Male,Hyderabad,41738
22,Daniel,38,Male,Bangalore,26565
23,Jose,21,Female,Chennai,24645
24,Kyle,20,Female,Hyderabad,44452
25,Jennifer,50,Male,Delhi,45368
26,Mark,28,Male,Hyderabad,90419
27,Jillian,38,Male,Pune,50371
28,Bryan,41,Male,Mumbai,52484
29,Matthew,30,Male,Pune,82808
30,Joel,43,Male,Mumbai,95302
31,Angel,54,Male,Hyderabad,68196
32,Morgan,21,Female,Hyderabad,28970
33,Ashley,23,Male,Bangalore,87261
34,Kevin,32,Female,Mumbai,41712
35,Gregory,31,Male,Mumbai,54120
36,Travis,56,Female,Mumbai,32756
37,Lauren,47,Female,Hyderabad,47577
38,Wesley,19,Female,Hyderabad,45085
39,Stephanie,37,Male,Bangalore,46516
40,Andrew,43,Male,Chennai,87403
41,Elizabeth,50,Male,Mumbai,88002
42,Robert,27,Male,Delhi,29367
43,Chelsea,43,Male,Delhi,28554
44,Ashley,25,Female,Pune,40202
45,Michael,56,Male,Delhi,95634
46,Donald,35,Male,Delhi,83470
47,Timothy,21,Male,Chennai,39995
48,Bryan,31,Male,Pune,67984
49,Isabel,43,Male,Pune,41239
50,William,53,Male,Hyderabad,78040
51,Peter,33,Male,Pune,83004
52,Elizabeth,21,Female,Bangalore,21304
53,Margaret,18,Female,Hyderabad,58973
54,Haley,51,Female,Hyderabad,62051
55,Angela,46,Female,Pune,75779
56,Makayla,56,Male,Delhi,97844
57,Joseph,58,Female,Bangalore,40742
58,Christopher,36,Male,Chennai,94941
59,Paul,50,Female,Chennai,38248
60,Francisco,30,Male,Bangalore,26031
61,Jason,26,Female,Chennai,24592
62,Jason,18,Male,Hyderabad,41816
63,Edward,35,Female,Bangalore,50304
64,Beth,41,Male,Mumbai,68990
65,Lisa,24,Female,Pune,56537
66,Jennifer,34,Female,Pune,81067
67,Alyssa,29,Female,Bangalore,44687
68,Ronald,41,Female,Pune,79521
69,Linda,39,Male,Pune,53903
70,Christine,52,Male,Chennai,63673
71,Ashley,26,Male,Pune,43926
72,Steven,37,Female,Mumbai,26103
73,William,45,Male,Chennai,22494
74,Jennifer,56,Male,Bangalore,33532
75,Mark,31,Female,Delhi,23217
76,Wesley,42,Male,Bangalore,65822
77,Victoria,58,Female,Delhi,30264
78,Melissa,32,Female,Delhi,22062
79,Travis,18,Male,Delhi,85113
80,Catherine,18,Male,Mumbai,31515
81,Jay,41,Female,Delhi,86321
82,Katherine,53,Male,Chennai,62153
83,Todd,59,Male,Pune,90379
84,Felicia,25,Male,Pune,83444
85,Matthew,31,Female,Delhi,81401
86,Steven,41,Female,Mumbai,88558
87,Theresa,50,Male,Chennai,31041
88,Peter,56,Male,Chennai,28296
89,Anthony,24,Male,Hyderabad,80307
90,Melissa,35,Male,Mumbai,98684
91,Candace,36,Male,Pune,21532
92,Amanda,54,Male,Delhi,63027
93,Timothy,34,Female,Chennai,44647
94,Robert,23,Male,Chennai,53188
95,Eric,44,Male,Mumbai,30035
96,Bryan,28,Male,Delhi,79588
97,Tammy,28,Male,Mumbai,84207
98,Adam,18,Male,Pune,78073
99,Nicholas,46,Male,Mumbai,50147
100,David,28,Female,Hyderabad,81398
101,Leonard,38,Female,Mumbai,96375
102,James,37,Female,Chennai,64853
103,Timothy,58,Male,Delhi,47855
104,Alyssa,32,Female,Chennai,69483
105,Christina,36,Female,Chennai,71855
106,Maurice,44,Female,Pune,81483
107,Brian,50,Female,Bangalore,44492
108,Sheila,54,Female,Hyderabad,98779
109,Robert,22,Male,Mumbai,44353
110,Alan,50,Female,Delhi,57309
111,Randy,24,Female,Bangalore,34222
112,James,53,Female,Hyderabad,60496
113,Corey,54,Male,Delhi,26860
114,Stephanie,42,Male,Hyderabad,43113
115,Aaron,42,Female,Pune,29986
116,Rebecca,57,Male,Pune,54375
117,William,45,Female,Mumbai,38223
118,Carl,54,Male,Mumbai,99011
119,Dale,25,Male,Pune,85730
120,Ashley,56,Male,Chennai,80029
121,Victor,34,Male,Bangalore,37006
122,Jesus,41,Female,Delhi,71601
123,James,57,Male,Chennai,95217
124,David,43,Male,Mumbai,47699
125,Donna,42,Male,Pune,29390
126,Dustin,34,Female,Delhi,50275
127,Austin,50,Female,Delhi,99394
128,Darren,49,Female,Pune,43839
129,Wyatt,25,Female,Pune,90898
130,David,28,Male,Chennai,20787
131,Charles,24,Female,Pune,37520
132,Jon,29,Male,Hyderabad,97798
133,Nicholas,38,Male,Pune,57316
134,Ryan,53,Male,Pune,53099
135,Emily,51,Female,Bangalore,28989
136,Michael,30,Male,Hyderabad,64655
137,Frank,51,Female,Mumbai,59910
138,Raymond,32,Male,Pune,41149
139,James,59,Female,Mumbai,24190
140,Gabriel,39,Female,Delhi,94063
141,Russell,20,Female,Delhi,26474
142,Shane,35,Female,Hyderabad,84927
143,Jose,36,Male,Chennai,46248
144,Lee,48,Female,Chennai,87796
145,Kathleen,25,Female,Mumbai,34219
146,Brenda,52,Male,Delhi,64265
147,Tanya,57,Female,Bangalore,68107
148,Jessica,41,Male,Pune,39131
149,Monique,44,Male,Mumbai,91952
150,Kristy,51,Female,Pune,96733
